Dataset number,Accuracy
1,0.9462809917355371
2,0.9504132231404959
3,0.9628099173553719
4,0.9504132231404959
5,0.9793388429752066
