Dataset number,Accuracy
1,0.9834710743801653
2,0.9545454545454546
3,0.9710743801652892
4,0.9669421487603306
5,0.9793388429752066
