Dataset number,Accuracy,
1,0.9834710743801653,
2,0.9628099173553719,
3,0.9710743801652892,
4,0.9752066115702479,
5,0.9710743801652892,
