Dataset number,Accuracy,
1,0.9669421487603306,
2,0.9710743801652892,
3,0.9793388429752066,
4,0.9793388429752066,
5,0.9834710743801653,
